PokemonNum,Name,Location,Location_Surname,Habitat,Gift,Trade,Exchange,Purchase,Fossil,Interact
1,Bulbasaur,Pallet Town,Prof Oak Lab,,TRUE,FALSE,FALSE,FALSE,FALSE,FALSE
2,Ivysaur,Evolve,,,FALSE,FALSE,FALSE,FALSE,FALSE,FALSE
3,Venusaur,Evolve,,,FALSE,FALSE,FALSE,FALSE,FALSE,FALSE
4,Charmander,Pallet Town,Prof Oak Lab,,TRUE,FALSE,FALSE,FALSE,FALSE,FALSE
5,Charmeleon,Evolve,,,FALSE,FALSE,FALSE,FALSE,FALSE,FALSE
6,Charizard,Evolve,,,FALSE,FALSE,FALSE,FALSE,FALSE,FALSE
7,Squirtle,Pallet Town,Prof Oak Lab,,TRUE,FALSE,FALSE,FALSE,FALSE,FALSE
8,Wartortle,Evolve,,,FALSE,FALSE,FALSE,FALSE,FALSE,FALSE
9,Blastoise,Evolve,,,FALSE,FALSE,FALSE,FALSE,FALSE,FALSE
10,Caterpie,Route 25,,Walking,FALSE,FALSE,FALSE,FALSE,FALSE,FALSE
10,Caterpie,Viridian Forest,,Walking,FALSE,FALSE,FALSE,FALSE,FALSE,FALSE
10,Metapod,Route 25,,Walking,FALSE,FALSE,FALSE,FALSE,FALSE,FALSE
11,Metapod,Viridian Forest,,Walking,FALSE,FALSE,FALSE,FALSE,FALSE,FALSE
12,Butterfree,Evolve,,,FALSE,FALSE,FALSE,FALSE,FALSE,FALSE
13,Weedle,Route 2,,Walking,FALSE,FALSE,FALSE,FALSE,FALSE,FALSE
13,Weedle,Route 24,,Walking,FALSE,FALSE,FALSE,FALSE,FALSE,FALSE
13,Weedle,Route 25,,Walking,FALSE,FALSE,FALSE,FALSE,FALSE,FALSE
13,Weedle,Viridian Forest,,Walking,FALSE,FALSE,FALSE,FALSE,FALSE,FALSE
14,Kakuna,Route 24,,Walking,FALSE,FALSE,FALSE,FALSE,FALSE,FALSE
14,Kakuna,Route 25,,Walking,FALSE,FALSE,FALSE,FALSE,FALSE,FALSE
14,Kakuna,Viridian Forest,,Walking,FALSE,FALSE,FALSE,FALSE,FALSE,FALSE
15,Beedrill,Evolve,,,FALSE,FALSE,FALSE,FALSE,FALSE,FALSE
16,Pidgey,Route 1,,Walking,FALSE,FALSE,FALSE,FALSE,FALSE,FALSE
16,Pidgey,Route 2,,Walking,FALSE,FALSE,FALSE,FALSE,FALSE,FALSE
16,Pidgey,Route 3,,Walking,FALSE,FALSE,FALSE,FALSE,FALSE,FALSE
16,Pidgey,Route 5,,Walking,FALSE,FALSE,FALSE,FALSE,FALSE,FALSE
16,Pidgey,Route 6,,Walking,FALSE,FALSE,FALSE,FALSE,FALSE,FALSE
16,Pidgey,Route 7,,Walking,FALSE,FALSE,FALSE,FALSE,FALSE,FALSE
16,Pidgey,Route 8,,Walking,FALSE,FALSE,FALSE,FALSE,FALSE,FALSE
16,Pidgey,Route 12,,Walking,FALSE,FALSE,FALSE,FALSE,FALSE,FALSE
16,Pidgey,Route 13,,Walking,FALSE,FALSE,FALSE,FALSE,FALSE,FALSE
16,Pidgey,Route 14,,Walking,FALSE,FALSE,FALSE,FALSE,FALSE,FALSE
16,Pidgey,Route 15,,Walking,FALSE,FALSE,FALSE,FALSE,FALSE,FALSE
16,Pidgey,Route 21,,Walking,FALSE,FALSE,FALSE,FALSE,FALSE,FALSE
16,Pidgey,Route 24,,Walking,FALSE,FALSE,FALSE,FALSE,FALSE,FALSE
16,Pidgey,Route 25,,Walking,FALSE,FALSE,FALSE,FALSE,FALSE,FALSE
17,Pidgeotto,Route 14,,Walking,FALSE,FALSE,FALSE,FALSE,FALSE,FALSE
17,Pidgeotto,Route 15,,Walking,FALSE,FALSE,FALSE,FALSE,FALSE,FALSE
17,Pidgeotto,Route 21,,Walking,FALSE,FALSE,FALSE,FALSE,FALSE,FALSE
18,Pidgeot,Evolve,,,FALSE,FALSE,FALSE,FALSE,FALSE,FALSE
19,Rattata,Route 1,,Walking,FALSE,FALSE,FALSE,FALSE,FALSE,FALSE
19,Rattata,Route 2,,Walking,FALSE,FALSE,FALSE,FALSE,FALSE,FALSE
19,Rattata,Route 4,,Walking,FALSE,FALSE,FALSE,FALSE,FALSE,FALSE
19,Rattata,Route 9,,Walking,FALSE,FALSE,FALSE,FALSE,FALSE,FALSE
19,Rattata,Route 16,,Walking,FALSE,FALSE,FALSE,FALSE,FALSE,FALSE
19,Rattata,Route 21,,Walking,FALSE,FALSE,FALSE,FALSE,FALSE,FALSE
19,Rattata,Route 22,,Walking,FALSE,FALSE,FALSE,FALSE,FALSE,FALSE
20,Raticate,Route 16,,Walking,FALSE,FALSE,FALSE,FALSE,FALSE,FALSE
20,Raticate,Route 17,,Walking,FALSE,FALSE,FALSE,FALSE,FALSE,FALSE
20,Raticate,Route 18,,Walking,FALSE,FALSE,FALSE,FALSE,FALSE,FALSE
20,Raticate,Route 21,,Walking,FALSE,FALSE,FALSE,FALSE,FALSE,FALSE
21,Spearow,Route 3,,Walking,FALSE,FALSE,FALSE,FALSE,FALSE,FALSE
21,Spearow,Route 4,,Walking,FALSE,FALSE,FALSE,FALSE,FALSE,FALSE
21,Spearow,Route 9,,Walking,FALSE,FALSE,FALSE,FALSE,FALSE,FALSE
21,Spearow,Route 10,,Walking,FALSE,FALSE,FALSE,FALSE,FALSE,FALSE
21,Spearow,Route 11,,Walking,FALSE,FALSE,FALSE,FALSE,FALSE,FALSE
21,Spearow,Route 16,,Walking,FALSE,FALSE,FALSE,FALSE,FALSE,FALSE
21,Spearow,Route 17,,Walking,FALSE,FALSE,FALSE,FALSE,FALSE,FALSE
21,Spearow,Route 18,,Walking,FALSE,FALSE,FALSE,FALSE,FALSE,FALSE
21,Spearow,Route 22,,Walking,FALSE,FALSE,FALSE,FALSE,FALSE,FALSE
21,Spearow,Route 23,,Walking,FALSE,FALSE,FALSE,FALSE,FALSE,FALSE
22,Fearow,Route 17,,Walking,FALSE,FALSE,FALSE,FALSE,FALSE,FALSE
22,Fearow,Route 18,,Walking,FALSE,FALSE,FALSE,FALSE,FALSE,FALSE
22,Fearow,Route 23,,Walking,FALSE,FALSE,FALSE,FALSE,FALSE,FALSE
23,Ekans,Route 4,,Walking,FALSE,FALSE,FALSE,FALSE,FALSE,FALSE
23,Ekans,Route 8,,Walking,FALSE,FALSE,FALSE,FALSE,FALSE,FALSE
23,Ekans,Route 9,,Walking,FALSE,FALSE,FALSE,FALSE,FALSE,FALSE
23,Ekans,Route 10,,Walking,FALSE,FALSE,FALSE,FALSE,FALSE,FALSE
23,Ekans,Route 11,,Walking,FALSE,FALSE,FALSE,FALSE,FALSE,FALSE
23,Ekans,Route 23,,Walking,FALSE,FALSE,FALSE,FALSE,FALSE,FALSE
23,Arbok,Route 23,,Walking,FALSE,FALSE,FALSE,FALSE,FALSE,FALSE
24,Arbok,Cerulean Cave,1F,Walking,FALSE,FALSE,FALSE,FALSE,FALSE,FALSE
25,Pikachu,Power Plant,,Walking,FALSE,FALSE,FALSE,FALSE,FALSE,FALSE
25,Pikachu,Viridian Forest,,Walking,FALSE,FALSE,FALSE,FALSE,FALSE,FALSE
26,Raichu,Cerulean Cave,B1F,Walking,FALSE,FALSE,FALSE,FALSE,FALSE,FALSE
27,Sandshrew,Route 4,,Walking,FALSE,FALSE,FALSE,FALSE,FALSE,FALSE
27,Sandshrew,Route 8,,Walking,FALSE,FALSE,FALSE,FALSE,FALSE,FALSE
27,Sandshrew,Route 9,,Walking,FALSE,FALSE,FALSE,FALSE,FALSE,FALSE
27,Sandshrew,Route 10,,Walking,FALSE,FALSE,FALSE,FALSE,FALSE,FALSE
27,Sandshrew,Route 11,,Walking,FALSE,FALSE,FALSE,FALSE,FALSE,FALSE
27,Sandshrew,Route 23,,Walking,FALSE,FALSE,FALSE,FALSE,FALSE,FALSE
28,Sandslash,Route 23,,Walking,FALSE,FALSE,FALSE,FALSE,FALSE,FALSE
28,Sandslash,Cerulean Cave,1F,Walking,FALSE,FALSE,FALSE,FALSE,FALSE,FALSE
28,Sandslash,Cerulean Cave,B1F,Walking,FALSE,FALSE,FALSE,FALSE,FALSE,FALSE
29,Nidoran(F),Route 5,,Walking,FALSE,TRUE,FALSE,FALSE,FALSE,FALSE
29,Nidoran(F),Route 22,,Walking,FALSE,FALSE,FALSE,FALSE,FALSE,FALSE
29,Nidoran(F),Underground Path 5-6,,,FALSE,TRUE,FALSE,FALSE,FALSE,FALSE
29,Nidoran(F),Safari Zone,North,Walking,FALSE,FALSE,FALSE,FALSE,FALSE,FALSE
29,Nidoran(F),Safari Zone,West,Walking,FALSE,FALSE,FALSE,FALSE,FALSE,FALSE
29,Nidoran(F),Safari Zone,East,Walking,FALSE,FALSE,FALSE,FALSE,FALSE,FALSE
29,Nidoran(F),Safari Zone,Center,Walking,FALSE,FALSE,FALSE,FALSE,FALSE,FALSE
30,Nidorina,Route 11,, ,FALSE,TRUE,FALSE,FALSE,FALSE,FALSE
30,Nidorina,Celadon City,,,FALSE,FALSE,TRUE,FALSE,FALSE,FALSE
30,Nidorina,Safari Zone,North,Walking,FALSE,FALSE,FALSE,FALSE,FALSE,FALSE
30,Nidorina,Safari Zone,West,Walking,FALSE,FALSE,FALSE,FALSE,FALSE,FALSE
30,Nidorina,Safari Zone,East,Walking,FALSE,FALSE,FALSE,FALSE,FALSE,FALSE
30,Nidorina,Safari Zone,Center,Walking,FALSE,FALSE,FALSE,FALSE,FALSE,FALSE
31,Nidoqueen,Evolve,,,FALSE,FALSE,FALSE,FALSE,FALSE,FALSE
32,Nidoran(M),Route 22,,Walking,FALSE,FALSE,FALSE,FALSE,FALSE,FALSE
32,Nidoran(M),Safari Zone,North,Walking,FALSE,FALSE,FALSE,FALSE,FALSE,FALSE
32,Nidoran(M),Safari Zone,West,Walking,FALSE,FALSE,FALSE,FALSE,FALSE,FALSE
32,Nidoran(M),Safari Zone,East,Walking,FALSE,FALSE,FALSE,FALSE,FALSE,FALSE
32,Nidoran(M),Safari Zone,Center,Walking,FALSE,FALSE,FALSE,FALSE,FALSE,FALSE
33,Nidorino,Safari Zone,North,Walking,FALSE,FALSE,FALSE,FALSE,FALSE,FALSE
33,Nidorino,Safari Zone,West,Walking,FALSE,FALSE,FALSE,FALSE,FALSE,FALSE
33,Nidorino,Safari Zone,East,Walking,FALSE,FALSE,FALSE,FALSE,FALSE,FALSE
33,Nidorino,Safari Zone,Center,Walking,FALSE,FALSE,FALSE,FALSE,FALSE,FALSE
33,Nidorino,Celadon City,,,FALSE,FALSE,TRUE,FALSE,FALSE,FALSE
34,Nidoking,Evolve,,,FALSE,FALSE,FALSE,FALSE,FALSE,FALSE
35,Clefairy,Celadon City,,,FALSE,FALSE,TRUE,FALSE,FALSE,FALSE
35,Clefairy,Mt. Moon,1F,Walking,FALSE,FALSE,FALSE,FALSE,FALSE,FALSE
35,Clefairy,Mt. Moon,B1F,Walking,FALSE,FALSE,FALSE,FALSE,FALSE,FALSE
35,Clefairy,Mt. Moon,B2F,Walking,FALSE,FALSE,FALSE,FALSE,FALSE,FALSE
36,Clefable,Evolve,,,FALSE,FALSE,FALSE,FALSE,FALSE,FALSE
37,Vulpix,Route 7,,Walking,FALSE,FALSE,FALSE,FALSE,FALSE,FALSE
37,Vulpix,Route 8,,Walking,FALSE,FALSE,FALSE,FALSE,FALSE,FALSE
37,Vulpix,Pokemon Mansion,1F,Walking,FALSE,FALSE,FALSE,FALSE,FALSE,FALSE
37,Vulpix,Pokemon Mansion,2F,Walking,FALSE,FALSE,FALSE,FALSE,FALSE,FALSE
37,Vulpix,Pokemon Mansion,3F,Walking,FALSE,FALSE,FALSE,FALSE,FALSE,FALSE
37,Vulpix,Pokemon Mansion,B1F,Walking,FALSE,FALSE,FALSE,FALSE,FALSE,FALSE
38,Ninetales,Evolve,,,FALSE,FALSE,FALSE,FALSE,FALSE,FALSE
39,Jigglypuff,Route 3,,Walking,FALSE,FALSE,FALSE,FALSE,FALSE,FALSE
40,Wigglytuff,Cerulean Cave,2F,Walking,FALSE,FALSE,FALSE,FALSE,FALSE,FALSE
39,Zubat,Mt. Moon,1F,Walking,FALSE,FALSE,FALSE,FALSE,FALSE,FALSE
40,Zubat,Mt. Moon,B1F,Walking,FALSE,FALSE,FALSE,FALSE,FALSE,FALSE
41,Zubat,Mt. Moon,B2F,Walking,FALSE,FALSE,FALSE,FALSE,FALSE,FALSE
41,Zubat,Rock Tunnel,1F,Walking,FALSE,FALSE,FALSE,FALSE,FALSE,FALSE
41,Zubat,Rock Tunnel,B1F,Walking,FALSE,FALSE,FALSE,FALSE,FALSE,FALSE
41,Zubat,Seafoam Islands,1F,Walking,FALSE,FALSE,FALSE,FALSE,FALSE,FALSE
41,Zubat,Victory Road,1F,Walking,FALSE,FALSE,FALSE,FALSE,FALSE,FALSE
41,Zubat,Victory Road,2F,Walking,FALSE,FALSE,FALSE,FALSE,FALSE,FALSE
41,Zubat,Victory Road,3F,Walking,FALSE,FALSE,FALSE,FALSE,FALSE,FALSE
42,Golbat,Cerulean Cave,1F,Walking,FALSE,FALSE,FALSE,FALSE,FALSE,FALSE
42,Golbat,Seafoam Islands,1F,Walking,FALSE,FALSE,FALSE,FALSE,FALSE,FALSE
42,Golbat,Seafoam Islands,B2F,Walking,FALSE,FALSE,FALSE,FALSE,FALSE,FALSE
42,Golbat,Seafoam Islands,B3F,Walking,FALSE,FALSE,FALSE,FALSE,FALSE,FALSE
42,Golbat,Victory Road,1F,Walking,FALSE,FALSE,FALSE,FALSE,FALSE,FALSE
42,Golbat,Victory Road,2F,Walking,FALSE,FALSE,FALSE,FALSE,FALSE,FALSE
42,Golbat,Victory Road,3F,Walking,FALSE,FALSE,FALSE,FALSE,FALSE,FALSE
43,Oddish,Route 5,,Walking,FALSE,FALSE,FALSE,FALSE,FALSE,FALSE
43,Oddish,Route 6,,Walking,FALSE,FALSE,FALSE,FALSE,FALSE,FALSE
43,Oddish,Route 7,,Walking,FALSE,FALSE,FALSE,FALSE,FALSE,FALSE
43,Oddish,Route 12,,Walking,FALSE,FALSE,FALSE,FALSE,FALSE,FALSE
43,Oddish,Route 13,,Walking,FALSE,FALSE,FALSE,FALSE,FALSE,FALSE
43,Oddish,Route 14,,Walking,FALSE,FALSE,FALSE,FALSE,FALSE,FALSE
43,Oddish,Route 15,,Walking,FALSE,FALSE,FALSE,FALSE,FALSE,FALSE
43,Oddish,Route 24,,Walking,FALSE,FALSE,FALSE,FALSE,FALSE,FALSE
43,Oddish,Route 25,,Walking,FALSE,FALSE,FALSE,FALSE,FALSE,FALSE
44,Gloom,Route 12,,Walking,FALSE,FALSE,FALSE,FALSE,FALSE,FALSE
44,Gloom,Route 13,,Walking,FALSE,FALSE,FALSE,FALSE,FALSE,FALSE
44,Gloom,Route 14,,Walking,FALSE,FALSE,FALSE,FALSE,FALSE,FALSE
44,Gloom,Route 15,,Walking,FALSE,FALSE,FALSE,FALSE,FALSE,FALSE
45,Vileplume,Evolve,,,FALSE,FALSE,FALSE,FALSE,FALSE,FALSE
44,Paras,Mt. Moon,1F,Walking,FALSE,FALSE,FALSE,FALSE,FALSE,FALSE
45,Paras,Mt. Moon,B1F,Walking,FALSE,FALSE,FALSE,FALSE,FALSE,FALSE
46,Paras,Mt. Moon,B2F,Walking,FALSE,FALSE,FALSE,FALSE,FALSE,FALSE
46,Paras,Safari Zone,North,Walking,FALSE,FALSE,FALSE,FALSE,FALSE,FALSE
46,Paras,Safari Zone,East,Walking,FALSE,FALSE,FALSE,FALSE,FALSE,FALSE
47,Parasect,Cerulean Cave,1F,Walking,FALSE,FALSE,FALSE,FALSE,FALSE,FALSE
47,Parasect,Cerulean Cave,B1F,Walking,FALSE,FALSE,FALSE,FALSE,FALSE,FALSE
47,Parasect,Safari Zone,East,Walking,FALSE,FALSE,FALSE,FALSE,FALSE,FALSE
47,Parasect,Safari Zone,Center,Walking,FALSE,FALSE,FALSE,FALSE,FALSE,FALSE
48,Venonat,Route 12,,Walking,FALSE,FALSE,FALSE,FALSE,FALSE,FALSE
48,Venonat,Route 13,,Walking,FALSE,FALSE,FALSE,FALSE,FALSE,FALSE
48,Venonat,Route 14,,Walking,FALSE,FALSE,FALSE,FALSE,FALSE,FALSE
48,Venonat,Route 15,,Walking,FALSE,FALSE,FALSE,FALSE,FALSE,FALSE
48,Venonat,Safari Zone,Center,Walking,FALSE,FALSE,FALSE,FALSE,FALSE,FALSE
48,Venonat,Safari Zone,West,Walking,FALSE,FALSE,FALSE,FALSE,FALSE,FALSE
49,Venomoth,Cerulean Cave,1F,Walking,FALSE,FALSE,FALSE,FALSE,FALSE,FALSE
49,Venomoth,Cerulean Cave,2F,Walking,FALSE,FALSE,FALSE,FALSE,FALSE,FALSE
49,Venomoth,Safari Zone,North,Walking,FALSE,FALSE,FALSE,FALSE,FALSE,FALSE
49,Venomoth,Safari Zone,West,Walking,FALSE,FALSE,FALSE,FALSE,FALSE,FALSE
49,Venomoth,Victory Road,3F,Walking,FALSE,FALSE,FALSE,FALSE,FALSE,FALSE
50,Diglett,Diglett's Cave,,Walking,FALSE,FALSE,FALSE,FALSE,FALSE,FALSE
51,Dugtrio,Diglett's Cave,,Walking,FALSE,FALSE,FALSE,FALSE,FALSE,FALSE
52,Meowth,Route 5,,Walking,FALSE,FALSE,FALSE,FALSE,FALSE,FALSE
52,Meowth,Route 6,,Walking,FALSE,FALSE,FALSE,FALSE,FALSE,FALSE
52,Meowth,Route 7,,Walking,FALSE,FALSE,FALSE,FALSE,FALSE,FALSE
52,Meowth,Route 8,,Walking,FALSE,FALSE,FALSE,FALSE,FALSE,FALSE
53,Persian,Evolve,,,FALSE,FALSE,FALSE,FALSE,FALSE,FALSE
54,Psyduck,Route 24,,Super Rod,FALSE,FALSE,FALSE,FALSE,FALSE,FALSE
54,Psyduck,Route 25,,Super Rod,FALSE,FALSE,FALSE,FALSE,FALSE,FALSE
54,Psyduck,Seafoam Islands,1F,Walking,FALSE,FALSE,FALSE,FALSE,FALSE,FALSE
54,Psyduck,Seafoam Islands,B1F,Walking,FALSE,FALSE,FALSE,FALSE,FALSE,FALSE
54,Psyduck,Seafoam Islands,B2F,Walking,FALSE,FALSE,FALSE,FALSE,FALSE,FALSE
54,Psyduck,Seafoam Islands,B3F,Walking,FALSE,FALSE,FALSE,FALSE,FALSE,FALSE
54,Psyduck,Seafoam Islands,B4F,Walking,FALSE,FALSE,FALSE,FALSE,FALSE,FALSE
54,Psyduck,Safari Zone,North,Super Rod,FALSE,FALSE,FALSE,FALSE,FALSE,FALSE
54,Psyduck,Safari Zone,East,Super Rod,FALSE,FALSE,FALSE,FALSE,FALSE,FALSE
54,Psyduck,Safari Zone,West,Super Rod,FALSE,FALSE,FALSE,FALSE,FALSE,FALSE
54,Psyduck,Safari Zone,Center,Super Rod,FALSE,FALSE,FALSE,FALSE,FALSE,FALSE
55,Golduck,Seafoam Islands,1F,Walking,FALSE,FALSE,FALSE,FALSE,FALSE,FALSE
55,Golduck,Seafoam Islands,B2F,Walking,FALSE,FALSE,FALSE,FALSE,FALSE,FALSE
55,Golduck,Seafoam Islands,B4F,Walking,FALSE,FALSE,FALSE,FALSE,FALSE,FALSE
56,Mankey,Route 5,,Walking,FALSE,FALSE,FALSE,FALSE,FALSE,FALSE
56,Mankey,Route 6,,Walking,FALSE,FALSE,FALSE,FALSE,FALSE,FALSE
56,Mankey,Route 7,,Walking,FALSE,FALSE,FALSE,FALSE,FALSE,FALSE
56,Mankey,Route 8,,Walking,FALSE,FALSE,FALSE,FALSE,FALSE,FALSE
57,Primeape,Evolve,,,FALSE,FALSE,FALSE,FALSE,FALSE,FALSE
58,Growlithe,Route 7,,Walking,FALSE,FALSE,FALSE,FALSE,FALSE,FALSE
58,Growlithe,Route 8,,Walking,FALSE,FALSE,FALSE,FALSE,FALSE,FALSE
58,Growlithe,Pokemon Mansion,1F,Walking,FALSE,FALSE,FALSE,FALSE,FALSE,FALSE
58,Growlithe,Pokemon Mansion,2F,Walking,FALSE,FALSE,FALSE,FALSE,FALSE,FALSE
58,Growlithe,Pokemon Mansion,3F,Walking,FALSE,FALSE,FALSE,FALSE,FALSE,FALSE
58,Growlithe,Pokemon Mansion,B1F,Walking,FALSE,FALSE,FALSE,FALSE,FALSE,FALSE
59,Arcanine,Evolve,,,FALSE,FALSE,FALSE,FALSE,FALSE,FALSE
60,Poliwag,Route 6,,Good Rod,FALSE,FALSE,FALSE,FALSE,FALSE,FALSE
60,Poliwag,Route 10,,Good Rod,FALSE,FALSE,FALSE,FALSE,FALSE,FALSE
60,Poliwag,Route 11,,Good Rod,FALSE,FALSE,FALSE,FALSE,FALSE,FALSE
60,Poliwag,Route 12,,Good Rod,FALSE,FALSE,FALSE,FALSE,FALSE,FALSE
60,Poliwag,Route 13,,Good Rod,FALSE,FALSE,FALSE,FALSE,FALSE,FALSE
60,Poliwag,Route 17,,Good Rod,FALSE,FALSE,FALSE,FALSE,FALSE,FALSE
60,Poliwag,Route 18,,Good Rod,FALSE,FALSE,FALSE,FALSE,FALSE,FALSE
60,Poliwag,Route 19,,Good Rod,FALSE,FALSE,FALSE,FALSE,FALSE,FALSE
60,Poliwag,Route 20,,Good Rod,FALSE,FALSE,FALSE,FALSE,FALSE,FALSE
60,Poliwag,Route 21,,Good Rod,FALSE,FALSE,FALSE,FALSE,FALSE,FALSE
60,Poliwag,Route 22,,Good Rod,FALSE,FALSE,FALSE,FALSE,FALSE,FALSE
60,Poliwag,Route 22,,Super Rod,FALSE,FALSE,FALSE,FALSE,FALSE,FALSE
60,Poliwag,Route 23,,Good Rod,FALSE,FALSE,FALSE,FALSE,FALSE,FALSE
60,Poliwag,Route 24,,Good Rod,FALSE,FALSE,FALSE,FALSE,FALSE,FALSE
60,Poliwag,Route 25,,Good Rod,FALSE,FALSE,FALSE,FALSE,FALSE,FALSE
60,Poliwag,Celadon City,,Good Rod,FALSE,FALSE,FALSE,FALSE,FALSE,FALSE
60,Poliwag,Cerulean Cave,1F,Good Rod,FALSE,FALSE,FALSE,FALSE,FALSE,FALSE
60,Poliwag,Cerulean Cave,B1F,Good Rod,FALSE,FALSE,FALSE,FALSE,FALSE,FALSE
60,Poliwag,Fuchsia City,,Good Rod,FALSE,FALSE,FALSE,FALSE,FALSE,FALSE
60,Poliwag,Pallet Town,,Good Rod,FALSE,FALSE,FALSE,FALSE,FALSE,FALSE
60,Poliwag,Pallet Town,,Super Rod,FALSE,FALSE,FALSE,FALSE,FALSE,FALSE
60,Poliwag,Seafoam Islands,B3F,Good Rod,FALSE,FALSE,FALSE,FALSE,FALSE,FALSE
60,Poliwag,Seafoam Islands,B4F,Good Rod,FALSE,FALSE,FALSE,FALSE,FALSE,FALSE
60,Poliwag,Vermilion City,City,Good Rod,FALSE,FALSE,FALSE,FALSE,FALSE,FALSE
60,Poliwag,Vermilion City,Harbor,Good Rod,FALSE,FALSE,FALSE,FALSE,FALSE,FALSE
60,Poliwag,Viridian City,,Super Rod,FALSE,FALSE,FALSE,FALSE,FALSE,FALSE
60,Poliwag,Viridian City,,Good Rod,FALSE,FALSE,FALSE,FALSE,FALSE,FALSE
60,Poliwag,Safari Zone,North,Good Rod,FALSE,FALSE,FALSE,FALSE,FALSE,FALSE
60,Poliwag,Safari Zone,East,Good Rod,FALSE,FALSE,FALSE,FALSE,FALSE,FALSE
60,Poliwag,Safari Zone,West,Good Rod,FALSE,FALSE,FALSE,FALSE,FALSE,FALSE
60,Poliwag,Safari Zone,Center,Good Rod,FALSE,FALSE,FALSE,FALSE,FALSE,FALSE
61,Poliwhirl,Route 10,,Super Rod,FALSE,FALSE,FALSE,FALSE,FALSE,FALSE
61,Poliwhirl,Celadon City,,Super Rod,FALSE,FALSE,FALSE,FALSE,FALSE,FALSE
62,Poliwrath,Evolve,,,FALSE,FALSE,FALSE,FALSE,FALSE,FALSE
63,Abra,Route 24,,Walking,FALSE,FALSE,FALSE,FALSE,FALSE,FALSE
63,Abra,Route 25,,Walking,FALSE,FALSE,FALSE,FALSE,FALSE,FALSE
63,Abra,Celadon City,,,FALSE,FALSE,TRUE,FALSE,FALSE,FALSE
64,Kadabra,Cerulean Cave,1F,Walking,FALSE,FALSE,FALSE,FALSE,FALSE,FALSE
64,Kadabra,Cerulean Cave,2F,Walking,FALSE,FALSE,FALSE,FALSE,FALSE,FALSE
65,Alakazam,Evolve,,,FALSE,FALSE,FALSE,FALSE,FALSE,FALSE
66,Machop,Rock Tunnel,1F,Walking,FALSE,FALSE,FALSE,FALSE,FALSE,FALSE
66,Machop,Rock Tunnel,B1F,Walking,FALSE,FALSE,FALSE,FALSE,FALSE,FALSE
66,Machop,Victory Road,1F,Walking,FALSE,FALSE,FALSE,FALSE,FALSE,FALSE
66,Machop,Victory Road,2F,Walking,FALSE,FALSE,FALSE,FALSE,FALSE,FALSE
66,Machop,Victory Road,3F,Walking,FALSE,FALSE,FALSE,FALSE,FALSE,FALSE
67,Machoke,Victory Road,1F,Walking,FALSE,FALSE,FALSE,FALSE,FALSE,FALSE
67,Machoke,Victory Road,2F,Walking,FALSE,FALSE,FALSE,FALSE,FALSE,FALSE
67,Machoke,Victory Road,3F,Walking,FALSE,FALSE,FALSE,FALSE,FALSE,FALSE
68,Machamp,Evolve,,,FALSE,FALSE,FALSE,FALSE,FALSE,FALSE
69,Bellsprout,Route 5,,Walking,FALSE,FALSE,FALSE,FALSE,FALSE,FALSE
69,Bellsprout,Route 6,,Walking,FALSE,FALSE,FALSE,FALSE,FALSE,FALSE
69,Bellsprout,Route 7,,Walking,FALSE,FALSE,FALSE,FALSE,FALSE,FALSE
69,Bellsprout,Route 12,,Walking,FALSE,FALSE,FALSE,FALSE,FALSE,FALSE
69,Bellsprout,Route 13,,Walking,FALSE,FALSE,FALSE,FALSE,FALSE,FALSE
69,Bellsprout,Route 14,,Walking,FALSE,FALSE,FALSE,FALSE,FALSE,FALSE
69,Bellsprout,Route 15,,Walking,FALSE,FALSE,FALSE,FALSE,FALSE,FALSE
69,Bellsprout,Route 24,,Walking,FALSE,FALSE,FALSE,FALSE,FALSE,FALSE
69,Bellsprout,Route 25,,Walking,FALSE,FALSE,FALSE,FALSE,FALSE,FALSE
70,Weepinbell,Route 12,,Walking,FALSE,FALSE,FALSE,FALSE,FALSE,FALSE
70,Weepinbell,Route 13,,Walking,FALSE,FALSE,FALSE,FALSE,FALSE,FALSE
70,Weepinbell,Route 14,,Walking,FALSE,FALSE,FALSE,FALSE,FALSE,FALSE
70,Weepinbell,Route 15,,Walking,FALSE,FALSE,FALSE,FALSE,FALSE,FALSE
71,Victreebel,Evolve,,,FALSE,FALSE,FALSE,FALSE,FALSE,FALSE
72,Tentacool,Route 12,,Super Rod,FALSE,FALSE,FALSE,FALSE,FALSE,FALSE
72,Tentacool,Route 13,,Super Rod,FALSE,FALSE,FALSE,FALSE,FALSE,FALSE
72,Tentacool,Route 17,,Super Rod,FALSE,FALSE,FALSE,FALSE,FALSE,FALSE
72,Tentacool,Route 18,,Super Rod,FALSE,FALSE,FALSE,FALSE,FALSE,FALSE
72,Tentacool,Route 19,,Surfing,FALSE,FALSE,FALSE,FALSE,FALSE,FALSE
72,Tentacool,Route 20,,Surfing,FALSE,FALSE,FALSE,FALSE,FALSE,FALSE
72,Tentacool,Route 21,,Surfing,FALSE,FALSE,FALSE,FALSE,FALSE,FALSE
72,Tentacool,Pallet Town,,Super Rod,FALSE,FALSE,FALSE,FALSE,FALSE,FALSE
72,Tentacool,Viridian City,,Super Rod,FALSE,FALSE,FALSE,FALSE,FALSE,FALSE
73,Tentacruel,Evolve,,,FALSE,FALSE,FALSE,FALSE,FALSE,FALSE
74,Geodude,Mt. Moon,1F,Walking,FALSE,FALSE,FALSE,FALSE,FALSE,FALSE
74,Geodude,Mt. Moon,B1F,Walking,FALSE,FALSE,FALSE,FALSE,FALSE,FALSE
74,Geodude,Mt. Moon,B2F,Walking,FALSE,FALSE,FALSE,FALSE,FALSE,FALSE
74,Geodude,Rock Tunnel,1F,Walking,FALSE,FALSE,FALSE,FALSE,FALSE,FALSE
74,Geodude,Rock Tunnel,B1F,Walking,FALSE,FALSE,FALSE,FALSE,FALSE,FALSE
74,Geodude,Victory Road,1F,Walking,FALSE,FALSE,FALSE,FALSE,FALSE,FALSE
74,Geodude,Victory Road,2F,Walking,FALSE,FALSE,FALSE,FALSE,FALSE,FALSE
74,Geodude,Victory Road,3F,Walking,FALSE,FALSE,FALSE,FALSE,FALSE,FALSE
75,Graveler,Victory Road,1F,Walking,FALSE,FALSE,FALSE,FALSE,FALSE,FALSE
75,Graveler,Victory Road,2F,Walking,FALSE,FALSE,FALSE,FALSE,FALSE,FALSE
75,Graveler,Victory Road,3F,Walking,FALSE,FALSE,FALSE,FALSE,FALSE,FALSE
76,Golem,Evolve,,,FALSE,FALSE,FALSE,FALSE,FALSE,FALSE
77,Ponyta,Pokemon Mansion,1F,Walking,FALSE,FALSE,FALSE,FALSE,FALSE,FALSE
77,Ponyta,Pokemon Mansion,2F,Walking,FALSE,FALSE,FALSE,FALSE,FALSE,FALSE
77,Ponyta,Pokemon Mansion,3F,Walking,FALSE,FALSE,FALSE,FALSE,FALSE,FALSE
77,Ponyta,Pokemon Mansion,B1F,Walking,FALSE,FALSE,FALSE,FALSE,FALSE,FALSE
78,Rapidash,Evolve,,,FALSE,FALSE,FALSE,FALSE,FALSE,FALSE
79,Slowpoke,Route 10,,Super Rod,FALSE,FALSE,FALSE,FALSE,FALSE,FALSE
79,Slowpoke,Celadon City,,Super Rod,FALSE,FALSE,FALSE,FALSE,FALSE,FALSE
79,Slowpoke,Seafoam Islands,1F,Walking,FALSE,FALSE,FALSE,FALSE,FALSE,FALSE
79,Slowpoke,Seafoam Islands,B1F,Walking,FALSE,FALSE,FALSE,FALSE,FALSE,FALSE
79,Slowpoke,Seafoam Islands,B2F,Walking,FALSE,FALSE,FALSE,FALSE,FALSE,FALSE
79,Slowpoke,Seafoam Islands,B3F,Walking,FALSE,FALSE,FALSE,FALSE,FALSE,FALSE
79,Slowpoke,Seafoam Islands,B4F,Walking,FALSE,FALSE,FALSE,FALSE,FALSE,FALSE
79,Slowpoke,Safari Zone,North,Super Rod,FALSE,FALSE,FALSE,FALSE,FALSE,FALSE
79,Slowpoke,Safari Zone,East,Super Rod,FALSE,FALSE,FALSE,FALSE,FALSE,FALSE
79,Slowpoke,Safari Zone,West,Super Rod,FALSE,FALSE,FALSE,FALSE,FALSE,FALSE
79,Slowpoke,Safari Zone,Center,Super Rod,FALSE,FALSE,FALSE,FALSE,FALSE,FALSE
80,Slowbro,Route 23,,Super Rod,FALSE,FALSE,FALSE,FALSE,FALSE,FALSE
80,Slowbro,Cerulean Cave,1F,Super Rod,FALSE,FALSE,FALSE,FALSE,FALSE,FALSE
80,Slowbro,Cerulean Cave,B1F,Super Rod,FALSE,FALSE,FALSE,FALSE,FALSE,FALSE
80,Slowbro,Seafoam Islands,1F,Walking,FALSE,FALSE,FALSE,FALSE,FALSE,FALSE
80,Slowbro,Seafoam Islands,B2F,Walking,FALSE,FALSE,FALSE,FALSE,FALSE,FALSE
80,Slowbro,Seafoam Islands,B4F,Walking,FALSE,FALSE,FALSE,FALSE,FALSE,FALSE
81,Magnemite,Power Plant,,Walking,FALSE,FALSE,FALSE,FALSE,FALSE,FALSE
82,Magneton,Cerulean Cave,1F,Walking,FALSE,FALSE,FALSE,FALSE,FALSE,FALSE
82,Magneton,Power Plant,,Walking,FALSE,FALSE,FALSE,FALSE,FALSE,FALSE
83,Farfetch'd,Vermilion City,City,,FALSE,TRUE,FALSE,FALSE,FALSE,FALSE
84,Doduo,Route 16,,Walking,FALSE,FALSE,FALSE,FALSE,FALSE,FALSE
84,Doduo,Route 17,,Walking,FALSE,FALSE,FALSE,FALSE,FALSE,FALSE
84,Doduo,Route 18,,Walking,FALSE,FALSE,FALSE,FALSE,FALSE,FALSE
84,Doduo,Safari Zone,East,Walking,FALSE,FALSE,FALSE,FALSE,FALSE,FALSE
84,Doduo,Safari Zone,West,Walking,FALSE,FALSE,FALSE,FALSE,FALSE,FALSE
85,Dodrio,Cerulean Cave,1F,Walking,FALSE,FALSE,FALSE,FALSE,FALSE,FALSE
85,Dodrio,Cerulean Cave,2F,Walking,FALSE,FALSE,FALSE,FALSE,FALSE,FALSE
86,Seel,Cinnabar Island,,,FALSE,TRUE,FALSE,FALSE,FALSE,FALSE
86,Seel,Seafoam Islands,1F,Walking,FALSE,FALSE,FALSE,FALSE,FALSE,FALSE
86,Seel,Seafoam Islands,B1F,Walking,FALSE,FALSE,FALSE,FALSE,FALSE,FALSE
86,Seel,Seafoam Islands,B2F,Walking,FALSE,FALSE,FALSE,FALSE,FALSE,FALSE
86,Seel,Seafoam Islands,B3F,Walking,FALSE,FALSE,FALSE,FALSE,FALSE,FALSE
86,Seel,Seafoam Islands,B4F,Walking,FALSE,FALSE,FALSE,FALSE,FALSE,FALSE
87,Dewgong,Seafoam Islands,,,FALSE,FALSE,FALSE,FALSE,FALSE,FALSE
88,Grimer,Pokemon Mansion,1F,Walking,FALSE,FALSE,FALSE,FALSE,FALSE,FALSE
88,Grimer,Pokemon Mansion,2F,Walking,FALSE,FALSE,FALSE,FALSE,FALSE,FALSE
88,Grimer,Pokemon Mansion,3F,Walking,FALSE,FALSE,FALSE,FALSE,FALSE,FALSE
88,Grimer,Pokemon Mansion,B1F,Walking,FALSE,FALSE,FALSE,FALSE,FALSE,FALSE
89,Muk,Pokemon Mansion,1F,Walking,FALSE,FALSE,FALSE,FALSE,FALSE,FALSE
89,Muk,Pokemon Mansion,2F,Walking,FALSE,FALSE,FALSE,FALSE,FALSE,FALSE
89,Muk,Pokemon Mansion,3F,Walking,FALSE,FALSE,FALSE,FALSE,FALSE,FALSE
89,Muk,Pokemon Mansion,B1F,Walking,FALSE,FALSE,FALSE,FALSE,FALSE,FALSE
90,Shellder,Route 6,,Super Rod,FALSE,FALSE,FALSE,FALSE,FALSE,FALSE
90,Shellder,Route 11,,Super Rod,FALSE,FALSE,FALSE,FALSE,FALSE,FALSE
90,Shellder,Route 19,,Super Rod,FALSE,FALSE,FALSE,FALSE,FALSE,FALSE
90,Shellder,Route 20,,Super Rod,FALSE,FALSE,FALSE,FALSE,FALSE,FALSE
90,Shellder,Route 21,,Super Rod,FALSE,FALSE,FALSE,FALSE,FALSE,FALSE
90,Shellder,Seafoam Islands,1F,Walking,FALSE,FALSE,FALSE,FALSE,FALSE,FALSE
90,Shellder,Seafoam Islands,B1F,Walking,FALSE,FALSE,FALSE,FALSE,FALSE,FALSE
90,Shellder,Seafoam Islands,B2F,Walking,FALSE,FALSE,FALSE,FALSE,FALSE,FALSE
90,Shellder,Seafoam Islands,B3F,Walking,FALSE,FALSE,FALSE,FALSE,FALSE,FALSE
90,Shellder,Seafoam Islands,B3F,Super Rod,FALSE,FALSE,FALSE,FALSE,FALSE,FALSE
90,Shellder,Seafoam Islands,B4F,Walking,FALSE,FALSE,FALSE,FALSE,FALSE,FALSE
90,Shellder,Seafoam Islands,B4F,Super Rod,FALSE,FALSE,FALSE,FALSE,FALSE,FALSE
90,Shellder,Vermilion City,City,Super Rod,FALSE,FALSE,FALSE,FALSE,FALSE,FALSE
90,Shellder,Vermilion City,Harbor,Super Rod,FALSE,FALSE,FALSE,FALSE,FALSE,FALSE
91,Cloyster,Evolve,,,FALSE,FALSE,FALSE,FALSE,FALSE,FALSE
92,Gastly,Pokemon Tower,3F,Walking,FALSE,FALSE,FALSE,FALSE,FALSE,FALSE
92,Gastly,Pokemon Tower,4F,Walking,FALSE,FALSE,FALSE,FALSE,FALSE,FALSE
92,Gastly,Pokemon Tower,5F,Walking,FALSE,FALSE,FALSE,FALSE,FALSE,FALSE
92,Gastly,Pokemon Tower,6F,Walking,FALSE,FALSE,FALSE,FALSE,FALSE,FALSE
92,Gastly,Pokemon Tower,7F,Walking,FALSE,FALSE,FALSE,FALSE,FALSE,FALSE
93,Haunter,Pokemon Tower,3F,Walking,FALSE,FALSE,FALSE,FALSE,FALSE,FALSE
93,Haunter,Pokemon Tower,4F,Walking,FALSE,FALSE,FALSE,FALSE,FALSE,FALSE
93,Haunter,Pokemon Tower,5F,Walking,FALSE,FALSE,FALSE,FALSE,FALSE,FALSE
93,Haunter,Pokemon Tower,6F,Walking,FALSE,FALSE,FALSE,FALSE,FALSE,FALSE
93,Haunter,Pokemon Tower,7F,Walking,FALSE,FALSE,FALSE,FALSE,FALSE,FALSE
94,Gengar,Evolve,,,FALSE,FALSE,FALSE,FALSE,FALSE,FALSE
95,Onix,Rock Tunnel,1F,Walking,FALSE,FALSE,FALSE,FALSE,FALSE,FALSE
95,Onix,Rock Tunnel,B1F,Walking,FALSE,FALSE,FALSE,FALSE,FALSE,FALSE
95,Onix,Victory Road,1F,Walking,FALSE,FALSE,FALSE,FALSE,FALSE,FALSE
95,Onix,Victory Road,2F,Walking,FALSE,FALSE,FALSE,FALSE,FALSE,FALSE
95,Onix,Victory Road,3f,Walking,FALSE,FALSE,FALSE,FALSE,FALSE,FALSE
96,Drowzee,Route 11,,Walking,FALSE,FALSE,FALSE,FALSE,FALSE,FALSE
97,Hypno,Cerulean Cave,1F,Walking,FALSE,FALSE,FALSE,FALSE,FALSE,FALSE
98,Krabby,Route 6,,Super Rod,FALSE,FALSE,FALSE,FALSE,FALSE,FALSE
98,Krabby,Route 11,,Super Rod,FALSE,FALSE,FALSE,FALSE,FALSE,FALSE
98,Krabby,Route 12,,Super Rod,FALSE,FALSE,FALSE,FALSE,FALSE,FALSE
98,Krabby,Route 13,,Super Rod,FALSE,FALSE,FALSE,FALSE,FALSE,FALSE
98,Krabby,Route 17,,Super Rod,FALSE,FALSE,FALSE,FALSE,FALSE,FALSE
98,Krabby,Route 18,,Super Rod,FALSE,FALSE,FALSE,FALSE,FALSE,FALSE
98,Krabby,Route 24,,Super Rod,FALSE,FALSE,FALSE,FALSE,FALSE,FALSE
98,Krabby,Route 25,,Super Rod,FALSE,FALSE,FALSE,FALSE,FALSE,FALSE
98,Krabby,Fuchsia City,,Super Rod,FALSE,FALSE,FALSE,FALSE,FALSE,FALSE
98,Krabby,Vermilion City,City,Super Rod,FALSE,FALSE,FALSE,FALSE,FALSE,FALSE
98,Krabby,Vermilion City,Harbor,Super Rod,FALSE,FALSE,FALSE,FALSE,FALSE,FALSE
98,Krabby,Safari Zone,North,Super Rod,FALSE,FALSE,FALSE,FALSE,FALSE,FALSE
98,Krabby,Safari Zone,East,Super Rod,FALSE,FALSE,FALSE,FALSE,FALSE,FALSE
98,Krabby,Safari Zone,West,Super Rod,FALSE,FALSE,FALSE,FALSE,FALSE,FALSE
98,Krabby,Safari Zone,Center,Super Rod,FALSE,FALSE,FALSE,FALSE,FALSE,FALSE
99,Kingler,Route 23,,Super Rod,FALSE,FALSE,FALSE,FALSE,FALSE,FALSE
99,Kingler,Cerulean Cave,1F,Super Rod,FALSE,FALSE,FALSE,FALSE,FALSE,FALSE
99,Kingler,Cerulean Cave,B1F,Super Rod,FALSE,FALSE,FALSE,FALSE,FALSE,FALSE
100,Voltorb,Route 10,,Walking,FALSE,FALSE,FALSE,FALSE,FALSE,FALSE
100,Voltorb,Power Plant,,Walking,FALSE,FALSE,FALSE,FALSE,FALSE,FALSE
101,Electrode,Cerulean Cave,2F,Walking,FALSE,FALSE,FALSE,FALSE,FALSE,FALSE
101,Electrode,Cerulean Cave,B1F,Walking,FALSE,FALSE,FALSE,FALSE,FALSE,FALSE
101,Electrode,Cinnabar Island,,,FALSE,TRUE,FALSE,FALSE,FALSE,FALSE
102,Exeggcute,Safari Zone,Center,Walking,FALSE,FALSE,FALSE,FALSE,FALSE,FALSE
102,Exeggcute,Safari Zone,East,Walking,FALSE,FALSE,FALSE,FALSE,FALSE,FALSE
102,Exeggcute,Safari Zone,West,Walking,FALSE,FALSE,FALSE,FALSE,FALSE,FALSE
102,Exeggcute,Safari Zone,North,Walking,FALSE,FALSE,FALSE,FALSE,FALSE,FALSE
103,Exeggutor,Evolve,,,FALSE,FALSE,FALSE,FALSE,FALSE,FALSE
104,Cubone,Pokemon Tower,3F,Walking,FALSE,FALSE,FALSE,FALSE,FALSE,FALSE
104,Cubone,Pokemon Tower,4F,Walking,FALSE,FALSE,FALSE,FALSE,FALSE,FALSE
104,Cubone,Pokemon Tower,5F,Walking,FALSE,FALSE,FALSE,FALSE,FALSE,FALSE
104,Cubone,Pokemon Tower,6F,Walking,FALSE,FALSE,FALSE,FALSE,FALSE,FALSE
104,Cubone,Pokemon Tower,7F,Walking,FALSE,FALSE,FALSE,FALSE,FALSE,FALSE
105,Marowak,Cerulean Cave,2F,Walking,FALSE,FALSE,FALSE,FALSE,FALSE,FALSE
105,Marowak,Cerulean Cave,B1F,Walking,FALSE,FALSE,FALSE,FALSE,FALSE,FALSE
105,Marowak,Victory Road,1F,Walking,FALSE,FALSE,FALSE,FALSE,FALSE,FALSE
105,Marowak,Victory Road,2F,Walking,FALSE,FALSE,FALSE,FALSE,FALSE,FALSE
106,Hitmonlee,Saffron City,Fighting Dojo,,TRUE,FALSE,FALSE,FALSE,FALSE,FALSE
107,Hitmonchan,Saffron City,Fighting Dojo,,TRUE,FALSE,FALSE,FALSE,FALSE,FALSE
108,Lickitung,Route 18,,,FALSE,TRUE,FALSE,FALSE,FALSE,FALSE
109,Koffing,Pokemon Mansion,1F,Walking,FALSE,FALSE,FALSE,FALSE,FALSE,FALSE
109,Koffing,Pokemon Mansion,2F,Walking,FALSE,FALSE,FALSE,FALSE,FALSE,FALSE
109,Koffing,Pokemon Mansion,3F,Walking,FALSE,FALSE,FALSE,FALSE,FALSE,FALSE
109,Koffing,Pokemon Mansion,B1F,Walking,FALSE,FALSE,FALSE,FALSE,FALSE,FALSE
110,Weezing,Pokemon Mansion,1F,Walking,FALSE,FALSE,FALSE,FALSE,FALSE,FALSE
110,Weezing,Pokemon Mansion,2F,Walking,FALSE,FALSE,FALSE,FALSE,FALSE,FALSE
110,Weezing,Pokemon Mansion,3F,Walking,FALSE,FALSE,FALSE,FALSE,FALSE,FALSE
110,Weezing,Pokemon Mansion,B1F,Walking,FALSE,FALSE,FALSE,FALSE,FALSE,FALSE
111,Rhyhorn,Safari Zone,Center,Walking,FALSE,FALSE,FALSE,FALSE,FALSE,FALSE
111,Rhyhorn,Safari Zone,North,Walking,FALSE,FALSE,FALSE,FALSE,FALSE,FALSE
112,Rhydon,Cerulean Cave,2F,Walking,FALSE,FALSE,FALSE,FALSE,FALSE,FALSE
112,Rhydon,Cerulean Cave,B1F,Walking,FALSE,FALSE,FALSE,FALSE,FALSE,FALSE
113,Chansey,Cerulean Cave,2F,Walking,FALSE,FALSE,FALSE,FALSE,FALSE,FALSE
113,Chansey,Cerulean Cave,B1F,Walking,FALSE,FALSE,FALSE,FALSE,FALSE,FALSE
113,Chansey,Safari Zone,Center,Walking,FALSE,FALSE,FALSE,FALSE,FALSE,FALSE
113,Chansey,Safari Zone,North,Walking,FALSE,FALSE,FALSE,FALSE,FALSE,FALSE
114,Tangela,Route 21,,Walking,FALSE,FALSE,FALSE,FALSE,FALSE,FALSE
114,Tangela,Cinnabar Island,,,FALSE,TRUE,FALSE,FALSE,FALSE,FALSE
115,Kangaskhan,Safari Zone,East,Walking,FALSE,FALSE,FALSE,FALSE,FALSE,FALSE
115,Kangaskhan,Safari Zone,West,Walking,FALSE,FALSE,FALSE,FALSE,FALSE,FALSE
116,Horsea,Route 19,,Super Rod,FALSE,FALSE,FALSE,FALSE,FALSE,FALSE
116,Horsea,Route 20,,Super Rod,FALSE,FALSE,FALSE,FALSE,FALSE,FALSE
116,Horsea,Route 21,,Super Rod,FALSE,FALSE,FALSE,FALSE,FALSE,FALSE
116,Horsea,Seafoam Islands,1F,Walking,FALSE,FALSE,FALSE,FALSE,FALSE,FALSE
116,Horsea,Seafoam Islands,B1F,Walking,FALSE,FALSE,FALSE,FALSE,FALSE,FALSE
116,Horsea,Seafoam Islands,B2F,Walking,FALSE,FALSE,FALSE,FALSE,FALSE,FALSE
116,Horsea,Seafoam Islands,B3F,Walking,FALSE,FALSE,FALSE,FALSE,FALSE,FALSE
116,Horsea,Seafoam Islands,B3F,Super Rod,FALSE,FALSE,FALSE,FALSE,FALSE,FALSE
116,Horsea,Seafoam Islands,B4F,Walking,FALSE,FALSE,FALSE,FALSE,FALSE,FALSE
116,Horsea,Seafoam Islands,B4F,Super Rod,FALSE,FALSE,FALSE,FALSE,FALSE,FALSE
117,Seadra,Route 23,,Super Rod,FALSE,FALSE,FALSE,FALSE,FALSE,FALSE
117,Seadra,Cerulean Cave,1F,Super Rod,FALSE,FALSE,FALSE,FALSE,FALSE,FALSE
117,Seadra,Cerulean Cave,B1F,Super Rod,FALSE,FALSE,FALSE,FALSE,FALSE,FALSE
117,Seadra,Seafoam Islands,B1F,Walking,FALSE,FALSE,FALSE,FALSE,FALSE,FALSE
117,Seadra,Seafoam Islands,B3F,Walking,FALSE,FALSE,FALSE,FALSE,FALSE,FALSE
118,Goldeen,Route 6,,Good Rod,FALSE,FALSE,FALSE,FALSE,FALSE,FALSE
118,Goldeen,Route 10,,Good Rod,FALSE,FALSE,FALSE,FALSE,FALSE,FALSE
118,Goldeen,Route 11,,Good Rod,FALSE,FALSE,FALSE,FALSE,FALSE,FALSE
118,Goldeen,Route 12,,Good Rod,FALSE,FALSE,FALSE,FALSE,FALSE,FALSE
118,Goldeen,Route 12,,Super Rod,FALSE,FALSE,FALSE,FALSE,FALSE,FALSE
118,Goldeen,Route 13,,Good Rod,FALSE,FALSE,FALSE,FALSE,FALSE,FALSE
118,Goldeen,Route 13,,Super Rod,FALSE,FALSE,FALSE,FALSE,FALSE,FALSE
118,Goldeen,Route 17,,Good Rod,FALSE,FALSE,FALSE,FALSE,FALSE,FALSE
118,Goldeen,Route 17,,Super Rod,FALSE,FALSE,FALSE,FALSE,FALSE,FALSE
118,Goldeen,Route 18,,Good Rod,FALSE,FALSE,FALSE,FALSE,FALSE,FALSE
118,Goldeen,Route 18,,Super Rod,FALSE,FALSE,FALSE,FALSE,FALSE,FALSE
118,Goldeen,Route 19,,Good Rod,FALSE,FALSE,FALSE,FALSE,FALSE,FALSE
118,Goldeen,Route 19,,Super Rod,FALSE,FALSE,FALSE,FALSE,FALSE,FALSE
118,Goldeen,Route 20,,Good Rod,FALSE,FALSE,FALSE,FALSE,FALSE,FALSE
118,Goldeen,Route 20,,Super Rod,FALSE,FALSE,FALSE,FALSE,FALSE,FALSE
118,Goldeen,Route 21,,Good Rod,FALSE,FALSE,FALSE,FALSE,FALSE,FALSE
118,Goldeen,Route 21,,Super Rod,FALSE,FALSE,FALSE,FALSE,FALSE,FALSE
118,Goldeen,Route 21,,Good Rod,FALSE,FALSE,FALSE,FALSE,FALSE,FALSE
118,Goldeen,Route 22,,Super Rod,FALSE,FALSE,FALSE,FALSE,FALSE,FALSE
118,Goldeen,Route 23,,Good Rod,FALSE,FALSE,FALSE,FALSE,FALSE,FALSE
118,Goldeen,Route 24,,Good Rod,FALSE,FALSE,FALSE,FALSE,FALSE,FALSE
118,Goldeen,Route 24,,Super Rod,FALSE,FALSE,FALSE,FALSE,FALSE,FALSE
118,Goldeen,Route 25,,Good Rod,FALSE,FALSE,FALSE,FALSE,FALSE,FALSE
118,Goldeen,Celadon City,,Good Rod,FALSE,FALSE,FALSE,FALSE,FALSE,FALSE
118,Goldeen,Cerulean Cave,1F,Good Rod,FALSE,FALSE,FALSE,FALSE,FALSE,FALSE
118,Goldeen,Cerulean Cave,B1F,Good Rod,FALSE,FALSE,FALSE,FALSE,FALSE,FALSE
118,Goldeen,Fuchsia City,,Good Rod,FALSE,FALSE,FALSE,FALSE,FALSE,FALSE
118,Goldeen,Fuchsia City,,Super Rod,FALSE,FALSE,FALSE,FALSE,FALSE,FALSE
118,Goldeen,Pallet Town,,Good Rod,FALSE,FALSE,FALSE,FALSE,FALSE,FALSE
118,Goldeen,Seafoam Islands,B3F,Super Rod,FALSE,FALSE,FALSE,FALSE,FALSE,FALSE
118,Goldeen,Seafoam Islands,B3F,Good Rod,FALSE,FALSE,FALSE,FALSE,FALSE,FALSE
118,Goldeen,Seafoam Islands,B4F,Super Rod,FALSE,FALSE,FALSE,FALSE,FALSE,FALSE
118,Goldeen,Seafoam Islands,B4F,Good Rod,FALSE,FALSE,FALSE,FALSE,FALSE,FALSE
118,Goldeen,Vermilion City,City,Good Rod,FALSE,FALSE,FALSE,FALSE,FALSE,FALSE
118,Goldeen,Vermilion City,Harbor,Good Rod,FALSE,FALSE,FALSE,FALSE,FALSE,FALSE
118,Goldeen,Viridian City,,Good Rod,FALSE,FALSE,FALSE,FALSE,FALSE,FALSE
118,Goldeen,Safari Zone,East,Good Rod,FALSE,FALSE,FALSE,FALSE,FALSE,FALSE
118,Goldeen,Safari Zone,West,Good Rod,FALSE,FALSE,FALSE,FALSE,FALSE,FALSE
118,Goldeen,Safari Zone,North,Good Rod,FALSE,FALSE,FALSE,FALSE,FALSE,FALSE
118,Goldeen,Safari Zone,Center,Good Rod,FALSE,FALSE,FALSE,FALSE,FALSE,FALSE
119,Seaking,Route 23,,Super Rod,FALSE,FALSE,FALSE,FALSE,FALSE,FALSE
119,Seaking,Cerulean Cave,1F,Super Rod,FALSE,FALSE,FALSE,FALSE,FALSE,FALSE
119,Seaking,Cerulean Cave,B1F,Super Rod,FALSE,FALSE,FALSE,FALSE,FALSE,FALSE
119,Seaking,Fuchsia City,,Super Rod,FALSE,FALSE,FALSE,FALSE,FALSE,FALSE
120,Staryu,Route 19,,Super Rod,FALSE,FALSE,FALSE,FALSE,FALSE,FALSE
120,Staryu,Route 20,,Super Rod,FALSE,FALSE,FALSE,FALSE,FALSE,FALSE
120,Staryu,Route 21,,Super Rod,FALSE,FALSE,FALSE,FALSE,FALSE,FALSE
120,Staryu,Seafoam Islands,1F,Walking,FALSE,FALSE,FALSE,FALSE,FALSE,FALSE
120,Staryu,Seafoam Islands,B1F,Walking,FALSE,FALSE,FALSE,FALSE,FALSE,FALSE
120,Staryu,Seafoam Islands,B2F,Walking,FALSE,FALSE,FALSE,FALSE,FALSE,FALSE
120,Staryu,Seafoam Islands,B3F,Walking,FALSE,FALSE,FALSE,FALSE,FALSE,FALSE
120,Staryu,Seafoam Islands,B3F,Super Rod,FALSE,FALSE,FALSE,FALSE,FALSE,FALSE
120,Staryu,Seafoam Islands,B4F,Walking,FALSE,FALSE,FALSE,FALSE,FALSE,FALSE
120,Staryu,Seafoam Islands,B4F,Super Rod,FALSE,FALSE,FALSE,FALSE,FALSE,FALSE
121,Starmie,Evolve,,,FALSE,FALSE,FALSE,FALSE,FALSE,FALSE
122,Mr. Mime,Route 2,,,FALSE,TRUE,FALSE,FALSE,FALSE,FALSE
123,Scyther,Celadon City,,,FALSE,FALSE,TRUE,FALSE,FALSE,FALSE
123,Scyther,Safari Zone,Center,Walking,FALSE,FALSE,FALSE,FALSE,FALSE,FALSE
123,Scyther,Safari Zone,East,Walking,FALSE,FALSE,FALSE,FALSE,FALSE,FALSE
124,Jynx,Cerulean City,,,FALSE,TRUE,FALSE,FALSE,FALSE,FALSE
125,Electabuzz,Power Plant,,Walking,FALSE,FALSE,FALSE,FALSE,FALSE,FALSE
126,Magmar,Pokemon Mansion,3F,Walking,FALSE,FALSE,FALSE,FALSE,FALSE,FALSE
126,Magmar,Pokemon Mansion,B1F,Walking,FALSE,FALSE,FALSE,FALSE,FALSE,FALSE
127,Pinsir,Celadon City,,,FALSE,FALSE,TRUE,FALSE,FALSE,FALSE
127,Pinsir,Safari Zone,Center,Walking,FALSE,FALSE,FALSE,FALSE,FALSE,FALSE
127,Pinsir,Safari Zone,East,Walking,FALSE,FALSE,FALSE,FALSE,FALSE,FALSE
128,Tauros,Safari Zone,North,Walking,FALSE,FALSE,FALSE,FALSE,FALSE,FALSE
128,Tauros,Safari Zone,West,Walking,FALSE,FALSE,FALSE,FALSE,FALSE,FALSE
129,Magikarp,Route 4,,,TRUE,FALSE,FALSE,FALSE,FALSE,FALSE
129,Magikarp,Route 6,,Old Rod,FALSE,FALSE,FALSE,FALSE,FALSE,FALSE
129,Magikarp,Route 10,,Old Rod,FALSE,FALSE,FALSE,FALSE,FALSE,FALSE
129,Magikarp,Route 11,,Old Rod,FALSE,FALSE,FALSE,FALSE,FALSE,FALSE
129,Magikarp,Route 12,,Old Rod,FALSE,FALSE,FALSE,FALSE,FALSE,FALSE
129,Magikarp,Route 13,,Old Rod,FALSE,FALSE,FALSE,FALSE,FALSE,FALSE
129,Magikarp,Route 17,,Old Rod,FALSE,FALSE,FALSE,FALSE,FALSE,FALSE
129,Magikarp,Route 17,,Super Rod,FALSE,FALSE,FALSE,FALSE,FALSE,FALSE
129,Magikarp,Route 18,,Old Rod,FALSE,FALSE,FALSE,FALSE,FALSE,FALSE
129,Magikarp,Route 18,,Super Rod,FALSE,FALSE,FALSE,FALSE,FALSE,FALSE
129,Magikarp,Route 19,,Old Rod,FALSE,FALSE,FALSE,FALSE,FALSE,FALSE
129,Magikarp,Route 20,,Old Rod,FALSE,FALSE,FALSE,FALSE,FALSE,FALSE
129,Magikarp,Route 21,,Old Rod,FALSE,FALSE,FALSE,FALSE,FALSE,FALSE
129,Magikarp,Route 22,,Old Rod,FALSE,FALSE,FALSE,FALSE,FALSE,FALSE
129,Magikarp,Route 23,,Old Rod,FALSE,FALSE,FALSE,FALSE,FALSE,FALSE
129,Magikarp,Route 24,,Old Rod,FALSE,FALSE,FALSE,FALSE,FALSE,FALSE
129,Magikarp,Route 25,,Old Rod,FALSE,FALSE,FALSE,FALSE,FALSE,FALSE
129,Magikarp,Celadon City,,Old Rod,FALSE,FALSE,FALSE,FALSE,FALSE,FALSE
129,Magikarp,Cerulean Cave,1F,Old Rod,FALSE,FALSE,FALSE,FALSE,FALSE,FALSE
129,Magikarp,Cerulean Cave,B1F,Old Rod,FALSE,FALSE,FALSE,FALSE,FALSE,FALSE
129,Magikarp,Fuchsia City,,Old Rod,FALSE,FALSE,FALSE,FALSE,FALSE,FALSE
129,Magikarp,Fuchsia City,,Super Rod,FALSE,FALSE,FALSE,FALSE,FALSE,FALSE
129,Magikarp,Pallet Town,,Old Rod,FALSE,FALSE,FALSE,FALSE,FALSE,FALSE
129,Magikarp,Seafoam Islands,B3F,Old Rod,FALSE,FALSE,FALSE,FALSE,FALSE,FALSE
129,Magikarp,Seafoam Islands,B4F,Old Rod,FALSE,FALSE,FALSE,FALSE,FALSE,FALSE
129,Magikarp,Vermilion City,City,Old Rod,FALSE,FALSE,FALSE,FALSE,FALSE,FALSE
129,Magikarp,Vermilion City,Harbor,Old Rod,FALSE,FALSE,FALSE,FALSE,FALSE,FALSE
129,Magikarp,Viridian City,,Old Rod,FALSE,FALSE,FALSE,FALSE,FALSE,FALSE
129,Magikarp,Safari Zone,East,Old Rod,FALSE,FALSE,FALSE,FALSE,FALSE,FALSE
129,Magikarp,Safari Zone,West,Old Rod,FALSE,FALSE,FALSE,FALSE,FALSE,FALSE
129,Magikarp,Safari Zone,North,Old Rod,FALSE,FALSE,FALSE,FALSE,FALSE,FALSE
129,Magikarp,Safari Zone,Center,Old Rod,FALSE,FALSE,FALSE,FALSE,FALSE,FALSE
130,Gyarados,Evolve,,,FALSE,FALSE,FALSE,FALSE,FALSE,FALSE
131,Lapras,Silph Co.,,,TRUE,FALSE,FALSE,FALSE,FALSE,FALSE
132,Ditto,Route 13,,Walking,FALSE,FALSE,FALSE,FALSE,FALSE,FALSE
132,Ditto,Route 14,,Walking,FALSE,FALSE,FALSE,FALSE,FALSE,FALSE
132,Ditto,Route 15,,Walking,FALSE,FALSE,FALSE,FALSE,FALSE,FALSE
132,Ditto,Route 23,,Walking,FALSE,FALSE,FALSE,FALSE,FALSE,FALSE
132,Ditto,Cerulean Cave,1F,Walking,FALSE,FALSE,FALSE,FALSE,FALSE,FALSE
132,Ditto,Cerulean Cave,2F,Walking,FALSE,FALSE,FALSE,FALSE,FALSE,FALSE
132,Ditto,Cerulean Cave,B1F,Walking,FALSE,FALSE,FALSE,FALSE,FALSE,FALSE
133,Eevee,Celadon City,,,TRUE,FALSE,FALSE,FALSE,FALSE,FALSE
134,Vaporeon,Evolve,,,FALSE,FALSE,FALSE,FALSE,FALSE,FALSE
135,Jolteon,Evolve,,,FALSE,FALSE,FALSE,FALSE,FALSE,FALSE
136,Flareon,Evolve,,,FALSE,FALSE,FALSE,FALSE,FALSE,FALSE
137,Porygon,Celadon City,,,FALSE,FALSE,TRUE,FALSE,FALSE,FALSE
138,Omanyte,Cinnabar Island,,,FALSE,FALSE,FALSE,FALSE,TRUE,FALSE
139,Omastar,Evolve,,,FALSE,FALSE,FALSE,FALSE,FALSE,FALSE
140,Kabuto,Cinnabar Island,,,FALSE,FALSE,FALSE,FALSE,TRUE,FALSE
141,Kabutops,Evolve,,,FALSE,FALSE,FALSE,FALSE,FALSE,FALSE
142,Aerodactyl,Cinnabar Island,,,FALSE,FALSE,FALSE,FALSE,TRUE,FALSE
143,Snorlax,Route 12,,,FALSE,FALSE,FALSE,FALSE,FALSE,TRUE
143,Snorlax,Route 16,,,FALSE,FALSE,FALSE,FALSE,FALSE,TRUE
144,Articuno,Seafoam Islands,,,FALSE,FALSE,FALSE,FALSE,FALSE,TRUE
145,Zapdos,Power Plant,,,FALSE,FALSE,FALSE,FALSE,FALSE,TRUE
146,Moltres,Victory Road,2F,,FALSE,FALSE,FALSE,FALSE,FALSE,TRUE
147,Dratini,Celadon City,,,FALSE,FALSE,TRUE,FALSE,FALSE,FALSE
147,Dratini,Safari Zone,East,Super Rod,FALSE,FALSE,FALSE,FALSE,FALSE,FALSE
147,Dratini,Safari Zone,West,Super Rod,FALSE,FALSE,FALSE,FALSE,FALSE,FALSE
147,Dratini,Safari Zone,Center,Super Rod,FALSE,FALSE,FALSE,FALSE,FALSE,FALSE
147,Dratini,Safari Zone,North,Super Rod,FALSE,FALSE,FALSE,FALSE,FALSE,FALSE
148,Dragonair,Evolve,,,FALSE,FALSE,FALSE,FALSE,FALSE,FALSE
149,Dragonite,Evolve,,,FALSE,FALSE,FALSE,FALSE,FALSE,FALSE
150,Mewtwo,Cerulean Cave,B1F,,FALSE,FALSE,FALSE,FALSE,FALSE,TRUE
151,Mew,Trade,,,FALSE,FALSE,FALSE,FALSE,FALSE,FALSE
